{"cameraMode":{"drawMode":0,"name":"Shaded","section":"Shading Mode"},"sceneLighting":true,"audioPlay":false,"sceneViewState":{"m_AlwaysRefresh":false,"showFog":true,"showSkybox":true,"showFlares":true,"showImageEffects":true,"showParticleSystems":true,"showVisualEffectGraphs":true,"m_FxEnabled":true},"in2DMode":false,"pivot":{"x":-0.5107448101043701,"y":0.9887299537658691,"z":4.843706130981445},"rotation":{"x":-0.19904354214668275,"y":-0.09333468973636627,"z":0.019047178328037263,"w":-0.975350022315979},"size":26.869688034057618,"orthographic":false}